participant_id,region,minutes_on_site_last_7_days,customer_satisfaction_1_to_5,revenue_last_7_days,purchases_last_7_days,support_resolution_hours,assessment_score_0_to_100,onboarded_within_1_week
p001,Nairobi,67,3,47.25,3,17.25,57,
p002,Kisumu,104,5,114.00,6,30.50,74,
p003,Mombasa,141,3,44.50,2,43.75,91,
p004,Nakuru,178,5,153.00,6,56.00,47,
p005,Nairobi,64,2,57.50,2,5.25,64,
p006,Kisumu,101,5,160.00,5,18.50,81,
p007,Mombasa,138,2,35.25,1,31.75,98,
p008,Nakuru,175,4,62.50,5,44.00,54,
p009,Nairobi,61,2,15.75,1,57.25,71,
p010,Kisumu,98,4,76.00,4,6.50,88,
p011,Mombasa,135,1,0.00,0,19.75,44,
p012,Nakuru,172,4,102.00,4,32.00,61,
p013,Nairobi,58,1,0.00,0,45.25,78,
p014,Kisumu,95,3,96.00,3,58.50,95,
p015,Mombasa,132,1,211.50,6,7.75,51,
p016,Nakuru,169,3,37.50,3,20.00,68,
p017,Nairobi,55,5,94.50,6,33.25,85,
p018,Kisumu,92,3,38.00,2,46.50,41,
p019,Mombasa,129,5,111.25,5,59.75,58,
p020,Nakuru,166,2,51.00,2,8.00,75,
p021,Nairobi,52,5,143.75,5,21.25,92,
p022,Kisumu,89,2,32.00,1,34.50,48,
p023,Mombasa,126,4,141.00,4,47.75,65,
p024,Nakuru,163,2,12.50,1,60.00,82,
p025,Nairobi,49,4,63.00,4,9.25,99,
p026,Kisumu,86,1,0.00,0,22.50,55,
p027,Mombasa,123,4,66.75,3,35.75,72,
p028,Nakuru,160,1,0.00,0,48.00,89,
p029,Nairobi,46,3,86.25,3,61.25,45,
p030,Kisumu,83,1,192.00,6,10.50,62,
p031,Mombasa,120,3,70.50,2,23.75,79,
p032,Nakuru,157,5,75.00,6,36.00,96,
p033,Nairobi,43,3,31.50,2,49.25,52,
p034,Kisumu,80,5,95.00,5,62.50,69,
p035,Mombasa,117,2,22.25,1,11.75,86,
p036,Nakuru,154,5,127.50,5,24.00,42,
p037,Nairobi,40,2,28.75,1,37.25,59,
p038,Kisumu,77,4,128.00,4,50.50,76,
p039,Mombasa,114,2,0.00,0,63.75,93,
p040,Nakuru,151,4,50.00,4,12.00,49,
p041,Nairobi,37,1,0.00,0,25.25,66,
p042,Kisumu,74,4,57.00,3,38.50,83,
p043,Mombasa,111,1,133.50,6,51.75,100,
p044,Nakuru,148,3,76.50,3,64.00,56,
p045,Nairobi,34,1,172.50,6,13.25,73,
p046,Kisumu,71,3,64.00,2,26.50,90,
p047,Mombasa,108,5,176.25,5,39.75,46,
p048,Nakuru,145,3,25.00,2,52.00,63,
p049,Nairobi,31,5,78.75,5,65.25,80,
p050,Kisumu,68,2,19.00,1,14.50,97,
p051,Mombasa,105,5,89.00,4,27.75,53,
p052,Nakuru,142,2,25.50,1,40.00,70,
p053,Nairobi,179,4,115.00,4,53.25,87,
p054,Kisumu,65,2,0.00,0,66.50,43,
p055,Mombasa,102,4,105.75,3,15.75,60,
p056,Nakuru,139,1,0.00,0,28.00,77,
p057,Nairobi,176,4,47.25,3,41.25,94,
p058,Kisumu,62,1,114.00,6,54.50,50,
p059,Mombasa,99,3,44.50,2,67.75,67,
p060,Nakuru,136,1,153.00,6,16.00,84,
p061,Nairobi,173,3,57.50,2,29.25,40,
p062,Kisumu,59,5,160.00,5,42.50,57,
p063,Mombasa,96,3,35.25,1,55.75,74,
p064,Nakuru,133,5,62.50,5,4.00,91,
p065,Nairobi,170,2,15.75,1,17.25,47,
p066,Kisumu,56,5,76.00,4,30.50,64,
p067,Mombasa,93,2,0.00,0,43.75,81,
p068,Nakuru,130,4,102.00,4,56.00,98,
p069,Nairobi,167,2,0.00,0,5.25,54,
p070,Kisumu,53,4,96.00,3,18.50,71,
p071,Mombasa,90,1,211.50,6,31.75,88,
p072,Nakuru,127,4,37.50,3,44.00,44,
p073,Nairobi,164,1,94.50,6,57.25,61,
p074,Kisumu,50,3,38.00,2,6.50,78,
p075,Mombasa,87,1,111.25,5,19.75,95,
p076,Nakuru,124,3,51.00,2,32.00,51,
p077,Nairobi,161,5,143.75,5,45.25,68,
p078,Kisumu,47,3,32.00,1,58.50,85,
p079,Mombasa,84,5,141.00,4,7.75,41,
p080,Nakuru,121,2,12.50,1,20.00,58,
p081,Nairobi,158,5,63.00,4,33.25,75,
p082,Kisumu,44,2,0.00,0,46.50,92,
p083,Mombasa,81,4,66.75,3,59.75,48,
p084,Nakuru,118,2,0.00,0,8.00,65,
p085,Nairobi,155,4,86.25,3,21.25,82,
p086,Kisumu,41,1,192.00,6,34.50,99,
p087,Mombasa,78,4,70.50,2,47.75,55,
p088,Nakuru,115,1,75.00,6,60.00,72,
p089,Nairobi,152,3,31.50,2,9.25,89,
p090,Kisumu,38,1,95.00,5,22.50,45,
p091,Mombasa,75,3,22.25,1,35.75,62,
p092,Nakuru,112,5,127.50,5,48.00,79,
p093,Nairobi,149,3,28.75,1,61.25,96,
p094,Kisumu,35,5,128.00,4,10.50,52,
p095,Mombasa,72,2,0.00,0,23.75,69,
p096,Nakuru,109,5,50.00,4,36.00,86,
p097,Nairobi,146,2,0.00,0,49.25,42,
p098,Kisumu,32,4,57.00,3,62.50,59,
p099,Mombasa,69,2,133.50,6,11.75,76,
p100,Nakuru,106,4,76.50,3,24.00,93,
p101,Nairobi,143,1,172.50,6,37.25,49,
p102,Kisumu,180,4,64.00,2,50.50,66,
p103,Mombasa,66,1,176.25,5,63.75,83,
p104,Nakuru,103,3,25.00,2,12.00,100,
p105,Nairobi,140,1,78.75,5,25.25,56,
p106,Kisumu,177,3,19.00,1,38.50,73,
p107,Mombasa,63,5,89.00,4,51.75,90,
p108,Nakuru,100,3,25.50,1,64.00,46,
p109,Nairobi,137,5,115.00,4,13.25,63,
p110,Kisumu,174,2,0.00,0,26.50,80,
p111,Mombasa,60,5,105.75,3,39.75,97,
p112,Nakuru,97,2,0.00,0,52.00,53,
p113,Nairobi,134,4,47.25,3,65.25,70,
p114,Kisumu,171,2,114.00,6,14.50,87,
p115,Mombasa,57,4,44.50,2,27.75,43,
p116,Nakuru,94,1,153.00,6,40.00,60,
p117,Nairobi,131,4,57.50,2,53.25,77,
p118,Kisumu,168,1,160.00,5,66.50,94,
p119,Mombasa,54,3,35.25,1,15.75,50,
p120,Nakuru,91,1,62.50,5,28.00,67,
p121,Nairobi,128,3,15.75,1,41.25,84,
p122,Kisumu,165,5,76.00,4,54.50,40,
p123,Mombasa,51,3,0.00,0,67.75,57,
p124,Nakuru,88,5,102.00,4,16.00,74,
p125,Nairobi,125,2,0.00,0,29.25,91,
p126,Kisumu,162,5,96.00,3,42.50,47,
p127,Mombasa,48,2,211.50,6,55.75,64,
p128,Nakuru,85,4,37.50,3,4.00,81,
p129,Nairobi,122,2,94.50,6,17.25,98,
p130,Kisumu,159,4,38.00,2,30.50,54,
p131,Mombasa,45,1,111.25,5,43.75,71,
p132,Nakuru,82,4,51.00,2,56.00,88,
p133,Nairobi,119,1,143.75,5,5.25,44,
p134,Kisumu,156,3,32.00,1,18.50,61,
p135,Mombasa,42,1,141.00,4,31.75,78,
p136,Nakuru,79,3,12.50,1,44.00,95,
p137,Nairobi,116,5,63.00,4,57.25,51,
p138,Kisumu,153,3,0.00,0,6.50,68,
p139,Mombasa,39,5,66.75,3,19.75,85,
p140,Nakuru,76,2,0.00,0,32.00,41,
p141,Nairobi,113,5,86.25,3,45.25,58,
p142,Kisumu,150,2,192.00,6,58.50,75,
p143,Mombasa,36,4,70.50,2,7.75,92,
p144,Nakuru,73,2,75.00,6,20.00,48,
p145,Nairobi,110,4,31.50,2,33.25,65,
p146,Kisumu,147,1,95.00,5,46.50,82,
p147,Mombasa,33,4,22.25,1,59.75,99,
p148,Nakuru,70,1,127.50,5,8.00,55,
p149,Nairobi,107,3,28.75,1,21.25,72,
p150,Kisumu,144,1,128.00,4,34.50,89,
p151,Mombasa,30,3,0.00,0,47.75,45,
p152,Nakuru,67,5,50.00,4,60.00,62,
p153,Nairobi,104,3,0.00,0,9.25,79,
p154,Kisumu,141,5,57.00,3,22.50,96,
p155,Mombasa,178,2,133.50,6,35.75,52,
p156,Nakuru,64,5,76.50,3,48.00,69,
p157,Nairobi,101,2,172.50,6,61.25,86,
p158,Kisumu,138,4,64.00,2,10.50,42,
p159,Mombasa,175,2,176.25,5,23.75,59,
p160,Nakuru,61,4,25.00,2,36.00,76,
p161,Nairobi,98,1,78.75,5,49.25,93,
p162,Kisumu,135,4,19.00,1,62.50,49,
p163,Mombasa,172,1,89.00,4,11.75,66,
p164,Nakuru,58,3,25.50,1,24.00,83,
p165,Nairobi,95,1,115.00,4,37.25,100,
p166,Kisumu,132,3,0.00,0,50.50,56,
p167,Mombasa,169,5,105.75,3,63.75,73,
p168,Nakuru,55,3,0.00,0,12.00,90,
p169,Nairobi,92,5,47.25,3,25.25,46,
p170,Kisumu,129,2,114.00,6,38.50,63,
p171,Mombasa,166,5,44.50,2,51.75,80,
p172,Nakuru,52,2,153.00,6,64.00,97,
p173,Nairobi,89,4,57.50,2,13.25,53,
p174,Kisumu,126,2,160.00,5,26.50,70,
p175,Mombasa,163,4,35.25,1,39.75,87,
p176,Nakuru,49,1,62.50,5,52.00,43,
p177,Nairobi,86,4,15.75,1,65.25,60,
p178,Kisumu,123,1,76.00,4,14.50,77,
p179,Mombasa,160,3,0.00,0,27.75,94,
p180,Nakuru,46,1,102.00,4,40.00,50,
p181,Nairobi,83,3,0.00,0,53.25,67,
p182,Kisumu,120,5,96.00,3,66.50,84,
p183,Mombasa,157,3,211.50,6,15.75,40,
p184,Nakuru,43,5,37.50,3,28.00,57,
p185,Nairobi,80,2,94.50,6,41.25,74,
p186,Kisumu,117,5,38.00,2,54.50,91,
p187,Mombasa,154,2,111.25,5,67.75,47,
p188,Nakuru,40,4,51.00,2,16.00,64,
p189,Nairobi,77,2,143.75,5,29.25,81,
p190,Kisumu,114,4,32.00,1,42.50,98,
p191,Mombasa,151,1,141.00,4,55.75,54,
p192,Nakuru,37,4,12.50,1,4.00,71,
p193,Nairobi,74,1,63.00,4,17.25,88,
p194,Kisumu,111,3,0.00,0,30.50,44,
p195,Mombasa,148,1,66.75,3,43.75,61,
p196,Nakuru,34,3,0.00,0,56.00,78,
p197,Nairobi,71,5,86.25,3,5.25,95,
p198,Kisumu,108,3,192.00,6,18.50,51,
p199,Mombasa,145,5,70.50,2,31.75,68,
p200,Nakuru,31,2,75.00,6,44.00,85,
p201,Nairobi,68,5,31.50,2,57.25,41,
p202,Kisumu,105,2,95.00,5,6.50,58,
p203,Mombasa,142,4,22.25,1,19.75,75,
p204,Nakuru,179,2,127.50,5,32.00,92,
p205,Nairobi,65,4,28.75,1,45.25,48,
p206,Kisumu,102,1,128.00,4,58.50,65,
p207,Mombasa,139,4,0.00,0,7.75,82,
p208,Nakuru,176,1,50.00,4,20.00,99,
p209,Nairobi,62,3,0.00,0,33.25,55,
p210,Kisumu,99,1,57.00,3,46.50,72,
p211,Mombasa,136,3,133.50,6,59.75,89,
p212,Nakuru,173,5,76.50,3,8.00,45,
p213,Nairobi,59,3,172.50,6,21.25,62,
p214,Kisumu,96,5,64.00,2,34.50,79,
p215,Mombasa,133,2,176.25,5,47.75,96,
p216,Nakuru,170,5,25.00,2,60.00,52,
p217,Nairobi,56,2,78.75,5,9.25,69,
p218,Kisumu,93,4,19.00,1,22.50,86,
p219,Mombasa,130,2,89.00,4,35.75,42,
p220,Nakuru,167,4,25.50,1,48.00,59,
p221,Nairobi,53,1,115.00,4,61.25,76,
p222,Kisumu,90,4,0.00,0,10.50,93,
p223,Mombasa,127,1,105.75,3,23.75,49,
p224,Nakuru,164,3,0.00,0,36.00,66,
p225,Nairobi,50,1,47.25,3,49.25,83,
p226,Kisumu,87,3,114.00,6,62.50,100,
p227,Mombasa,124,5,44.50,2,11.75,56,
p228,Nakuru,161,3,153.00,6,24.00,73,
p229,Nairobi,47,5,57.50,2,37.25,90,
p230,Kisumu,84,2,160.00,5,50.50,46,
p231,Mombasa,121,5,35.25,1,63.75,63,
p232,Nakuru,158,2,62.50,5,12.00,80,
p233,Nairobi,44,4,15.75,1,25.25,97,
p234,Kisumu,81,2,76.00,4,38.50,53,
p235,Mombasa,118,4,0.00,0,51.75,70,
p236,Nakuru,155,1,102.00,4,64.00,87,
p237,Nairobi,41,4,0.00,0,13.25,43,
p238,Kisumu,78,1,96.00,3,26.50,60,
p239,Mombasa,115,3,211.50,6,39.75,77,
p240,Nakuru,152,1,37.50,3,52.00,94,
p241,Nairobi,38,3,94.50,6,65.25,50,
p242,Kisumu,75,5,38.00,2,14.50,67,
p243,Mombasa,112,3,111.25,5,27.75,84,
p244,Nakuru,149,5,51.00,2,40.00,40,
p245,Nairobi,35,2,143.75,5,53.25,57,
p246,Kisumu,72,5,32.00,1,66.50,74,
p247,Mombasa,109,2,141.00,4,15.75,91,
p248,Nakuru,146,4,12.50,1,28.00,47,
p249,Nairobi,32,2,63.00,4,41.25,64,
p250,Kisumu,69,4,0.00,0,54.50,81,
p251,Mombasa,106,1,66.75,3,67.75,98,
p252,Nakuru,143,4,0.00,0,16.00,54,
p253,Nairobi,180,1,86.25,3,29.25,71,
p254,Kisumu,66,3,192.00,6,42.50,88,
p255,Mombasa,103,1,70.50,2,55.75,44,
p256,Nakuru,140,3,75.00,6,4.00,61,
p257,Nairobi,177,5,31.50,2,17.25,78,
p258,Kisumu,63,3,95.00,5,30.50,95,
p259,Mombasa,100,5,22.25,1,43.75,51,
p260,Nakuru,137,2,127.50,5,56.00,68,
p261,Nairobi,174,5,28.75,1,5.25,85,
p262,Kisumu,60,2,128.00,4,18.50,41,
p263,Mombasa,97,4,0.00,0,31.75,58,
p264,Nakuru,134,2,50.00,4,44.00,75,
p265,Nairobi,171,4,0.00,0,57.25,92,
p266,Kisumu,57,1,57.00,3,6.50,48,
p267,Mombasa,94,4,133.50,6,19.75,65,
p268,Nakuru,131,1,76.50,3,32.00,82,
p269,Nairobi,168,3,172.50,6,45.25,99,
p270,Kisumu,54,1,64.00,2,58.50,55,
p271,Mombasa,91,3,176.25,5,7.75,72,
p272,Nakuru,128,5,25.00,2,20.00,89,
p273,Nairobi,165,3,78.75,5,33.25,45,
p274,Kisumu,51,5,19.00,1,46.50,62,
p275,Mombasa,88,2,89.00,4,59.75,79,
p276,Nakuru,125,5,25.50,1,8.00,96,
p277,Nairobi,162,2,115.00,4,21.25,52,
p278,Kisumu,48,4,0.00,0,34.50,69,
p279,Mombasa,85,2,105.75,3,47.75,86,
p280,Nakuru,122,4,0.00,0,60.00,42,
p281,Nairobi,159,1,47.25,3,9.25,59,
p282,Kisumu,45,4,114.00,6,22.50,76,
p283,Mombasa,82,1,44.50,2,35.75,93,
p284,Nakuru,119,3,153.00,6,48.00,49,
p285,Nairobi,156,1,57.50,2,61.25,66,
p286,Kisumu,42,3,160.00,5,10.50,83,
p287,Mombasa,79,5,35.25,1,23.75,100,
p288,Nakuru,116,3,62.50,5,36.00,56,
p289,Nairobi,153,5,15.75,1,49.25,73,
p290,Kisumu,39,2,76.00,4,62.50,90,
p291,Mombasa,76,5,0.00,0,11.75,46,
p292,Nakuru,113,2,102.00,4,24.00,63,
p293,Nairobi,150,4,0.00,0,37.25,80,
p294,Kisumu,36,2,96.00,3,50.50,97,
p295,Mombasa,73,4,211.50,6,63.75,53,
p296,Nakuru,110,1,37.50,3,12.00,70,
p297,Nairobi,147,4,94.50,6,25.25,87,
p298,Kisumu,33,1,38.00,2,38.50,43,
p299,Mombasa,70,3,111.25,5,51.75,60,
p300,Nakuru,107,1,51.00,2,64.00,77,
p301,Nairobi,144,3,143.75,5,13.25,94,
p302,Kisumu,30,5,32.00,1,26.50,50,
p303,Mombasa,67,3,141.00,4,39.75,67,
p304,Nakuru,104,5,12.50,1,52.00,84,
p305,Nairobi,141,2,63.00,4,65.25,40,
p306,Kisumu,178,5,0.00,0,14.50,57,
p307,Mombasa,64,2,66.75,3,27.75,74,
p308,Nakuru,101,4,0.00,0,40.00,91,
p309,Nairobi,138,2,86.25,3,53.25,47,
p310,Kisumu,175,4,192.00,6,66.50,64,
p311,Mombasa,61,1,70.50,2,15.75,81,
p312,Nakuru,98,4,75.00,6,28.00,98,
p313,Nairobi,135,1,31.50,2,41.25,54,
p314,Kisumu,172,3,95.00,5,54.50,71,
p315,Mombasa,58,1,22.25,1,67.75,88,
p316,Nakuru,95,3,127.50,5,16.00,44,
p317,Nairobi,132,5,28.75,1,29.25,61,
p318,Kisumu,169,3,128.00,4,42.50,78,
p319,Mombasa,55,5,0.00,0,55.75,95,
p320,Nakuru,92,2,50.00,4,4.00,51,
p321,Nairobi,129,5,0.00,0,17.25,68,
p322,Kisumu,166,2,57.00,3,30.50,85,
p323,Mombasa,52,4,133.50,6,43.75,41,
p324,Nakuru,89,2,76.50,3,56.00,58,
p325,Nairobi,126,4,172.50,6,5.25,75,
p326,Kisumu,163,1,64.00,2,18.50,92,
p327,Mombasa,49,4,176.25,5,31.75,48,
p328,Nakuru,86,1,25.00,2,44.00,65,
p329,Nairobi,123,3,78.75,5,57.25,82,
p330,Kisumu,160,1,19.00,1,6.50,99,
p331,Mombasa,46,3,89.00,4,19.75,55,
p332,Nakuru,83,5,25.50,1,32.00,72,
p333,Nairobi,120,3,115.00,4,45.25,89,
p334,Kisumu,157,5,0.00,0,58.50,45,
p335,Mombasa,43,2,105.75,3,7.75,62,
p336,Nakuru,80,5,0.00,0,20.00,79,
p337,Nairobi,117,2,47.25,3,33.25,96,
p338,Kisumu,154,4,114.00,6,46.50,52,
p339,Mombasa,40,2,44.50,2,59.75,69,
p340,Nakuru,77,4,153.00,6,8.00,86,
p341,Nairobi,114,1,57.50,2,21.25,42,
p342,Kisumu,151,4,160.00,5,34.50,59,
p343,Mombasa,37,1,35.25,1,47.75,76,
p344,Nakuru,74,3,62.50,5,60.00,93,
p345,Nairobi,111,1,15.75,1,9.25,49,
p346,Kisumu,148,3,76.00,4,22.50,66,
p347,Mombasa,34,5,0.00,0,35.75,83,
p348,Nakuru,71,3,102.00,4,48.00,100,
p349,Nairobi,108,5,0.00,0,61.25,56,
p350,Kisumu,145,2,96.00,3,10.50,73,
p351,Mombasa,31,5,211.50,6,23.75,90,
p352,Nakuru,68,2,37.50,3,36.00,46,
p353,Nairobi,105,4,94.50,6,49.25,63,
p354,Kisumu,142,2,38.00,2,62.50,80,
p355,Mombasa,179,4,111.25,5,11.75,97,
p356,Nakuru,65,1,51.00,2,24.00,53,
p357,Nairobi,102,4,143.75,5,37.25,70,
p358,Kisumu,139,1,32.00,1,50.50,87,
p359,Mombasa,176,3,141.00,4,63.75,43,
p360,Nakuru,62,1,12.50,1,12.00,60,
p361,Nairobi,99,3,63.00,4,25.25,77,
p362,Kisumu,136,5,0.00,0,38.50,94,
p363,Mombasa,173,3,66.75,3,51.75,50,
p364,Nakuru,59,5,0.00,0,64.00,67,
p365,Nairobi,96,2,86.25,3,13.25,84,
p366,Kisumu,133,5,192.00,6,26.50,40,
p367,Mombasa,170,2,70.50,2,39.75,57,
p368,Nakuru,56,4,75.00,6,52.00,74,
p369,Nairobi,93,2,31.50,2,65.25,91,
p370,Kisumu,130,4,95.00,5,14.50,47,
p371,Mombasa,167,1,22.25,1,27.75,64,
p372,Nakuru,53,4,127.50,5,40.00,81,
p373,Nairobi,90,1,28.75,1,53.25,98,
p374,Kisumu,127,3,128.00,4,66.50,54,
p375,Mombasa,164,1,0.00,0,15.75,71,
p376,Nakuru,50,3,50.00,4,28.00,88,
p377,Nairobi,87,5,0.00,0,41.25,44,
p378,Kisumu,124,3,57.00,3,54.50,61,
p379,Mombasa,161,5,133.50,6,67.75,78,
p380,Nakuru,47,2,76.50,3,16.00,95,
p381,Nairobi,84,5,172.50,6,29.25,51,
p382,Kisumu,121,2,64.00,2,42.50,68,
p383,Mombasa,158,4,176.25,5,55.75,85,
p384,Nakuru,44,2,25.00,2,4.00,41,
p385,Nairobi,81,4,78.75,5,17.25,58,
p386,Kisumu,118,1,19.00,1,30.50,75,
p387,Mombasa,155,4,89.00,4,43.75,92,
p388,Nakuru,41,1,25.50,1,56.00,48,
p389,Nairobi,78,3,115.00,4,5.25,65,
p390,Kisumu,115,1,0.00,0,18.50,82,
p391,Mombasa,152,3,105.75,3,31.75,99,
p392,Nakuru,38,5,0.00,0,44.00,55,
p393,Nairobi,75,3,47.25,3,57.25,72,
p394,Kisumu,112,5,114.00,6,6.50,89,
p395,Mombasa,149,2,44.50,2,19.75,45,
p396,Nakuru,35,5,153.00,6,32.00,62,
p397,Nairobi,72,2,57.50,2,45.25,79,
p398,Kisumu,109,4,160.00,5,58.50,96,
p399,Mombasa,146,2,35.25,1,7.75,52,
p400,Nakuru,32,4,62.50,5,20.00,69,
p401,Nairobi,69,1,15.75,1,33.25,86,
p402,Kisumu,106,4,76.00,4,46.50,42,
p403,Mombasa,143,1,0.00,0,59.75,59,
p404,Nakuru,180,3,102.00,4,8.00,76,
p405,Nairobi,66,1,0.00,0,21.25,93,
p406,Kisumu,103,3,96.00,3,34.50,49,
p407,Mombasa,140,5,211.50,6,47.75,66,
p408,Nakuru,177,3,37.50,3,60.00,83,
p409,Nairobi,63,5,94.50,6,9.25,100,
p410,Kisumu,100,2,38.00,2,22.50,56,
p411,Mombasa,137,5,111.25,5,35.75,73,
p412,Nakuru,174,2,51.00,2,48.00,90,
p413,Nairobi,60,4,143.75,5,61.25,46,
p414,Kisumu,97,2,32.00,1,10.50,63,
p415,Mombasa,134,4,141.00,4,23.75,80,
p416,Nakuru,171,1,12.50,1,36.00,97,
p417,Nairobi,57,4,63.00,4,49.25,53,
p418,Kisumu,94,1,0.00,0,62.50,70,
p419,Mombasa,131,3,66.75,3,11.75,87,
p420,Nakuru,168,1,0.00,0,24.00,43,
p421,Nairobi,54,3,86.25,3,37.25,60,
p422,Kisumu,91,5,192.00,6,50.50,77,
p423,Mombasa,128,3,70.50,2,63.75,94,
p424,Nakuru,165,5,75.00,6,12.00,50,
p425,Nairobi,51,2,31.50,2,25.25,67,
p426,Kisumu,88,5,95.00,5,38.50,84,
p427,Mombasa,125,2,22.25,1,51.75,40,
p428,Nakuru,162,4,127.50,5,64.00,57,
p429,Nairobi,48,2,28.75,1,13.25,74,
p430,Kisumu,85,4,128.00,4,26.50,91,
p431,Mombasa,122,1,0.00,0,39.75,47,
p432,Nakuru,159,4,50.00,4,52.00,64,
p433,Nairobi,45,1,0.00,0,65.25,81,
p434,Kisumu,82,3,57.00,3,14.50,98,
p435,Mombasa,119,1,133.50,6,27.75,54,
p436,Nakuru,156,3,76.50,3,40.00,71,
p437,Nairobi,42,5,172.50,6,53.25,88,
p438,Kisumu,79,3,64.00,2,66.50,44,
p439,Mombasa,116,5,176.25,5,15.75,61,
p440,Nakuru,153,2,25.00,2,28.00,78,
p441,Nairobi,39,5,78.75,5,41.25,95,
p442,Kisumu,76,2,19.00,1,54.50,51,
p443,Mombasa,113,4,89.00,4,67.75,68,
p444,Nakuru,150,2,25.50,1,16.00,85,
p445,Nairobi,36,4,115.00,4,29.25,41,
p446,Kisumu,73,1,0.00,0,42.50,58,
p447,Mombasa,110,4,105.75,3,55.75,75,
p448,Nakuru,147,1,0.00,0,4.00,92,
p449,Nairobi,33,3,47.25,3,17.25,48,
p450,Kisumu,70,1,114.00,6,30.50,65,
p451,Mombasa,107,3,44.50,2,43.75,82,
p452,Nakuru,144,5,153.00,6,56.00,99,
p453,Nairobi,30,3,57.50,2,5.25,55,
p454,Kisumu,67,5,160.00,5,18.50,72,
p455,Mombasa,104,2,35.25,1,31.75,89,
p456,Nakuru,141,5,62.50,5,44.00,45,
p457,Nairobi,178,2,15.75,1,57.25,62,
p458,Kisumu,64,4,76.00,4,6.50,79,
p459,Mombasa,101,2,0.00,0,19.75,96,
p460,Nakuru,138,4,102.00,4,32.00,52,
p461,Nairobi,175,1,0.00,0,45.25,69,
p462,Kisumu,61,4,96.00,3,58.50,86,
p463,Mombasa,98,1,211.50,6,7.75,42,
p464,Nakuru,135,3,37.50,3,20.00,59,
p465,Nairobi,172,1,94.50,6,33.25,76,
p466,Kisumu,58,3,38.00,2,46.50,93,
p467,Mombasa,95,5,111.25,5,59.75,49,
p468,Nakuru,132,3,51.00,2,8.00,66,
p469,Nairobi,169,5,143.75,5,21.25,83,
p470,Kisumu,55,2,32.00,1,34.50,100,
p471,Mombasa,92,5,141.00,4,47.75,56,
p472,Nakuru,129,2,12.50,1,60.00,73,
p473,Nairobi,166,4,63.00,4,9.25,90,
p474,Kisumu,52,2,0.00,0,22.50,46,
p475,Mombasa,89,4,66.75,3,35.75,63,
p476,Nakuru,126,1,0.00,0,48.00,80,
p477,Nairobi,163,4,86.25,3,61.25,97,
p478,Kisumu,49,1,192.00,6,10.50,53,
p479,Mombasa,86,3,70.50,2,23.75,70,
p480,Nakuru,123,1,75.00,6,36.00,87,
p481,Nairobi,160,3,31.50,2,49.25,43,
p482,Kisumu,46,5,95.00,5,62.50,60,
p483,Mombasa,83,3,22.25,1,11.75,77,
p484,Nakuru,120,5,127.50,5,24.00,94,
p485,Nairobi,157,2,28.75,1,37.25,50,
p486,Kisumu,43,5,128.00,4,50.50,67,
p487,Mombasa,80,2,0.00,0,63.75,84,
p488,Nakuru,117,4,50.00,4,12.00,40,
p489,Nairobi,154,2,0.00,0,25.25,57,
p490,Kisumu,40,4,57.00,3,38.50,74,
p491,Mombasa,77,1,133.50,6,51.75,91,
p492,Nakuru,114,4,76.50,3,64.00,47,
p493,Nairobi,151,1,172.50,6,13.25,64,
p494,Kisumu,37,3,64.00,2,26.50,81,
p495,Mombasa,74,1,176.25,5,39.75,98,
p496,Nakuru,111,3,25.00,2,52.00,54,
p497,Nairobi,148,5,78.75,5,65.25,71,
p498,Kisumu,34,3,19.00,1,14.50,88,
p499,Mombasa,71,5,89.00,4,27.75,44,
p500,Nakuru,108,2,25.50,1,40.00,61,
p501,Nairobi,145,5,115.00,4,53.25,78,
p502,Kisumu,31,2,0.00,0,66.50,95,
p503,Mombasa,68,4,105.75,3,15.75,51,
p504,Nakuru,105,2,0.00,0,28.00,68,
p505,Nairobi,142,4,47.25,3,41.25,85,
p506,Kisumu,179,1,114.00,6,54.50,41,
p507,Mombasa,65,4,44.50,2,67.75,58,
p508,Nakuru,102,1,153.00,6,16.00,75,
p509,Nairobi,139,3,57.50,2,29.25,92,
p510,Kisumu,176,1,160.00,5,42.50,48,
p511,Mombasa,62,3,35.25,1,55.75,65,
p512,Nakuru,99,5,62.50,5,4.00,82,
p513,Nairobi,136,3,15.75,1,17.25,99,
p514,Kisumu,173,5,76.00,4,30.50,55,
p515,Mombasa,59,2,0.00,0,43.75,72,
p516,Nakuru,96,5,102.00,4,56.00,89,
p517,Nairobi,133,2,0.00,0,5.25,45,
p518,Kisumu,170,4,96.00,3,18.50,62,
p519,Mombasa,56,2,211.50,6,31.75,79,
p520,Nakuru,93,4,37.50,3,44.00,96,
p521,Nairobi,130,1,94.50,6,57.25,52,
p522,Kisumu,167,4,38.00,2,6.50,69,
p523,Mombasa,53,1,111.25,5,19.75,86,
p524,Nakuru,90,3,51.00,2,32.00,42,
p525,Nairobi,127,1,143.75,5,45.25,59,
p526,Kisumu,164,3,32.00,1,58.50,76,
p527,Mombasa,50,5,141.00,4,7.75,93,
p528,Nakuru,87,3,12.50,1,20.00,49,
p529,Nairobi,124,5,63.00,4,33.25,66,
p530,Kisumu,161,2,0.00,0,46.50,83,
p531,Mombasa,47,5,66.75,3,59.75,100,
p532,Nakuru,84,2,0.00,0,8.00,56,
p533,Nairobi,121,4,86.25,3,21.25,73,
p534,Kisumu,158,2,192.00,6,34.50,90,
p535,Mombasa,44,4,70.50,2,47.75,46,
p536,Nakuru,81,1,75.00,6,60.00,63,
p537,Nairobi,118,4,31.50,2,9.25,80,
p538,Kisumu,155,1,95.00,5,22.50,97,
p539,Mombasa,41,3,22.25,1,35.75,53,
p540,Nakuru,78,1,127.50,5,48.00,70,
p541,Nairobi,115,3,28.75,1,61.25,87,
p542,Kisumu,152,5,128.00,4,10.50,43,
p543,Mombasa,38,3,0.00,0,23.75,60,
p544,Nakuru,75,5,50.00,4,36.00,77,
p545,Nairobi,112,2,0.00,0,49.25,94,
p546,Kisumu,149,5,57.00,3,62.50,50,
p547,Mombasa,35,2,133.50,6,11.75,67,
p548,Nakuru,72,4,76.50,3,24.00,84,
p549,Nairobi,109,2,172.50,6,37.25,40,
p550,Kisumu,146,4,64.00,2,50.50,57,
p551,Mombasa,32,1,176.25,5,63.75,74,
p552,Nakuru,69,4,25.00,2,12.00,91,
p553,Nairobi,106,1,78.75,5,25.25,47,
p554,Kisumu,143,3,19.00,1,38.50,64,
p555,Mombasa,180,1,89.00,4,51.75,81,
p556,Nakuru,66,3,25.50,1,64.00,98,
p557,Nairobi,103,5,115.00,4,13.25,54,
p558,Kisumu,140,3,0.00,0,26.50,71,
p559,Mombasa,177,5,105.75,3,39.75,88,
p560,Nakuru,63,2,0.00,0,52.00,44,
p561,Nairobi,100,5,47.25,3,65.25,61,
p562,Kisumu,137,2,114.00,6,14.50,78,
p563,Mombasa,174,4,44.50,2,27.75,95,
p564,Nakuru,60,2,153.00,6,40.00,51,
p565,Nairobi,97,4,57.50,2,53.25,68,
p566,Kisumu,134,1,160.00,5,66.50,85,
p567,Mombasa,171,4,35.25,1,15.75,41,
p568,Nakuru,57,1,62.50,5,28.00,58,
p569,Nairobi,94,3,15.75,1,41.25,75,
p570,Kisumu,131,1,76.00,4,54.50,92,
p571,Mombasa,168,3,0.00,0,67.75,48,
p572,Nakuru,54,5,102.00,4,16.00,65,
p573,Nairobi,91,3,0.00,0,29.25,82,
p574,Kisumu,128,5,96.00,3,42.50,99,
p575,Mombasa,165,2,211.50,6,55.75,55,
p576,Nakuru,51,5,37.50,3,4.00,72,
p577,Nairobi,88,2,94.50,6,17.25,89,
p578,Kisumu,125,4,38.00,2,30.50,45,
p579,Mombasa,162,2,111.25,5,43.75,62,
p580,Nakuru,48,4,51.00,2,56.00,79,
p581,Nairobi,85,1,143.75,5,5.25,96,
p582,Kisumu,122,4,32.00,1,18.50,52,
p583,Mombasa,159,1,141.00,4,31.75,69,
p584,Nakuru,45,3,12.50,1,44.00,86,
p585,Nairobi,82,1,63.00,4,57.25,42,
p586,Kisumu,119,3,0.00,0,6.50,59,
p587,Mombasa,156,5,66.75,3,19.75,76,
p588,Nakuru,42,3,0.00,0,32.00,93,
p589,Nairobi,79,5,86.25,3,45.25,49,
p590,Kisumu,116,2,192.00,6,58.50,66,
p591,Mombasa,153,5,70.50,2,7.75,83,
p592,Nakuru,39,2,75.00,6,20.00,100,
p593,Nairobi,76,4,31.50,2,33.25,56,
p594,Kisumu,113,2,95.00,5,46.50,73,
p595,Mombasa,150,4,22.25,1,59.75,90,
p596,Nakuru,36,1,127.50,5,8.00,46,
p597,Nairobi,73,4,28.75,1,21.25,63,
p598,Kisumu,110,1,128.00,4,34.50,80,
p599,Mombasa,147,3,0.00,0,47.75,97,
p600,Nakuru,33,1,50.00,4,60.00,53,
p601,Nairobi,70,3,0.00,0,9.25,70,
p602,Kisumu,107,5,57.00,3,22.50,87,
p603,Mombasa,144,3,133.50,6,35.75,43,
p604,Nakuru,30,5,76.50,3,48.00,60,
p605,Nairobi,67,2,172.50,6,61.25,77,
p606,Kisumu,104,5,64.00,2,10.50,94,
p607,Mombasa,141,2,176.25,5,23.75,50,
p608,Nakuru,178,4,25.00,2,36.00,67,
p609,Nairobi,64,2,78.75,5,49.25,84,
p610,Kisumu,101,4,19.00,1,62.50,40,
p611,Mombasa,138,1,89.00,4,11.75,57,
p612,Nakuru,175,4,25.50,1,24.00,74,
p613,Nairobi,61,1,115.00,4,37.25,91,
p614,Kisumu,98,3,0.00,0,50.50,47,
p615,Mombasa,135,1,105.75,3,63.75,64,
p616,Nakuru,172,3,0.00,0,12.00,81,
p617,Nairobi,58,5,47.25,3,25.25,98,
p618,Kisumu,95,3,114.00,6,38.50,54,
p619,Mombasa,132,5,44.50,2,51.75,71,
p620,Nakuru,169,2,153.00,6,64.00,88,
p621,Nairobi,55,5,57.50,2,13.25,44,
p622,Kisumu,92,2,160.00,5,26.50,61,
p623,Mombasa,129,4,35.25,1,39.75,78,
p624,Nakuru,166,2,62.50,5,52.00,95,
p625,Nairobi,52,4,15.75,1,65.25,51,
p626,Kisumu,89,1,76.00,4,14.50,68,
p627,Mombasa,126,4,0.00,0,27.75,85,
p628,Nakuru,163,1,102.00,4,40.00,41,
p629,Nairobi,49,3,0.00,0,53.25,58,
p630,Kisumu,86,1,96.00,3,66.50,75,
p631,Mombasa,123,3,211.50,6,15.75,92,
p632,Nakuru,160,5,37.50,3,28.00,48,
p633,Nairobi,46,3,94.50,6,41.25,65,
p634,Kisumu,83,5,38.00,2,54.50,82,
p635,Mombasa,120,2,111.25,5,67.75,99,
p636,Nakuru,157,5,51.00,2,16.00,55,
p637,Nairobi,43,2,143.75,5,29.25,72,
p638,Kisumu,80,4,32.00,1,42.50,89,
p639,Mombasa,117,2,141.00,4,55.75,45,
p640,Nakuru,154,4,12.50,1,4.00,62,
p641,Nairobi,40,1,63.00,4,17.25,79,
p642,Kisumu,77,4,0.00,0,30.50,96,
p643,Mombasa,114,1,66.75,3,43.75,52,
p644,Nakuru,151,3,0.00,0,56.00,69,
p645,Nairobi,37,1,86.25,3,5.25,86,
p646,Kisumu,74,3,192.00,6,18.50,42,
p647,Mombasa,111,5,70.50,2,31.75,59,
p648,Nakuru,148,3,75.00,6,44.00,76,
p649,Nairobi,34,5,31.50,2,57.25,93,
p650,Kisumu,71,2,95.00,5,6.50,49,
p651,Mombasa,108,5,22.25,1,19.75,66,
p652,Nakuru,145,2,127.50,5,32.00,83,
p653,Nairobi,31,4,28.75,1,45.25,100,
p654,Kisumu,68,2,128.00,4,58.50,56,
p655,Mombasa,105,4,0.00,0,7.75,73,
p656,Nakuru,142,1,50.00,4,20.00,90,
p657,Nairobi,179,4,0.00,0,33.25,46,
p658,Kisumu,65,1,57.00,3,46.50,63,
p659,Mombasa,102,3,133.50,6,59.75,80,
p660,Nakuru,139,1,76.50,3,8.00,97,
p661,Nairobi,176,3,172.50,6,21.25,53,
p662,Kisumu,62,5,64.00,2,34.50,70,
p663,Mombasa,99,3,176.25,5,47.75,87,
p664,Nakuru,136,5,25.00,2,60.00,43,
p665,Nairobi,173,2,78.75,5,9.25,60,
p666,Kisumu,59,5,19.00,1,22.50,77,
p667,Mombasa,96,2,89.00,4,35.75,94,
p668,Nakuru,133,4,25.50,1,48.00,50,
p669,Nairobi,170,2,115.00,4,61.25,67,
p670,Kisumu,56,4,0.00,0,10.50,84,
p671,Mombasa,93,1,105.75,3,23.75,40,
p672,Nakuru,130,4,0.00,0,36.00,57,
p673,Nairobi,167,1,47.25,3,49.25,74,
p674,Kisumu,53,3,114.00,6,62.50,91,
p675,Mombasa,90,1,44.50,2,11.75,47,
p676,Nakuru,127,3,153.00,6,24.00,64,
p677,Nairobi,164,5,57.50,2,37.25,81,
p678,Kisumu,50,3,160.00,5,50.50,98,
p679,Mombasa,87,5,35.25,1,63.75,54,
p680,Nakuru,124,2,62.50,5,12.00,71,
p681,Nairobi,161,5,15.75,1,25.25,88,
p682,Kisumu,47,2,76.00,4,38.50,44,
p683,Mombasa,84,4,0.00,0,51.75,61,
p684,Nakuru,121,2,102.00,4,64.00,78,
p685,Nairobi,158,4,0.00,0,13.25,95,
p686,Kisumu,44,1,96.00,3,26.50,51,
p687,Mombasa,81,4,211.50,6,39.75,68,
p688,Nakuru,118,1,37.50,3,52.00,85,
p689,Nairobi,155,3,94.50,6,65.25,41,
p690,Kisumu,41,1,38.00,2,14.50,58,
p691,Mombasa,78,3,111.25,5,27.75,75,
p692,Nakuru,115,5,51.00,2,40.00,92,
p693,Nairobi,152,3,143.75,5,53.25,48,
p694,Kisumu,38,5,32.00,1,66.50,65,
p695,Mombasa,75,2,141.00,4,15.75,82,
p696,Nakuru,112,5,12.50,1,28.00,99,
p697,Nairobi,149,2,63.00,4,41.25,55,
p698,Kisumu,35,4,0.00,0,54.50,72,
p699,Mombasa,72,2,66.75,3,67.75,89,
p700,Nakuru,109,4,0.00,0,16.00,45,
p701,Nairobi,146,1,86.25,3,29.25,62,
p702,Kisumu,32,4,192.00,6,42.50,79,
p703,Mombasa,69,1,70.50,2,55.75,96,
p704,Nakuru,106,3,75.00,6,4.00,52,
p705,Nairobi,143,1,31.50,2,17.25,69,
p706,Kisumu,180,3,95.00,5,30.50,86,
p707,Mombasa,66,5,22.25,1,43.75,42,
p708,Nakuru,103,3,127.50,5,56.00,59,
p709,Nairobi,140,5,28.75,1,5.25,76,
p710,Kisumu,177,2,128.00,4,18.50,93,
p711,Mombasa,63,5,0.00,0,31.75,49,
p712,Nakuru,100,2,50.00,4,44.00,66,
p713,Nairobi,137,4,0.00,0,57.25,83,
p714,Kisumu,174,2,57.00,3,6.50,100,
p715,Mombasa,60,4,133.50,6,19.75,56,
p716,Nakuru,97,1,76.50,3,32.00,73,
p717,Nairobi,134,4,172.50,6,45.25,90,
p718,Kisumu,171,1,64.00,2,58.50,46,
p719,Mombasa,57,3,176.25,5,7.75,63,
p720,Nakuru,94,1,25.00,2,20.00,80,
p721,Nairobi,131,3,78.75,5,33.25,97,
p722,Kisumu,168,5,19.00,1,46.50,53,
p723,Mombasa,54,3,89.00,4,59.75,70,
p724,Nakuru,91,5,25.50,1,8.00,87,
p725,Nairobi,128,2,115.00,4,21.25,43,
p726,Kisumu,165,5,0.00,0,34.50,60,
p727,Mombasa,51,2,105.75,3,47.75,77,
p728,Nakuru,88,4,0.00,0,60.00,94,
p729,Nairobi,125,2,47.25,3,9.25,50,
p730,Kisumu,162,4,114.00,6,22.50,67,
p731,Mombasa,48,1,44.50,2,35.75,84,
p732,Nakuru,85,4,153.00,6,48.00,40,
p733,Nairobi,122,1,57.50,2,61.25,57,
p734,Kisumu,159,3,160.00,5,10.50,74,
p735,Mombasa,45,1,35.25,1,23.75,91,
p736,Nakuru,82,3,62.50,5,36.00,47,
p737,Nairobi,119,5,15.75,1,49.25,64,
p738,Kisumu,156,3,76.00,4,62.50,81,
p739,Mombasa,42,5,0.00,0,11.75,98,
p740,Nakuru,79,2,102.00,4,24.00,54,
p741,Nairobi,116,5,0.00,0,37.25,71,
p742,Kisumu,153,2,96.00,3,50.50,88,
p743,Mombasa,39,4,211.50,6,63.75,44,
p744,Nakuru,76,2,37.50,3,12.00,61,
p745,Nairobi,113,4,94.50,6,25.25,78,
p746,Kisumu,150,1,38.00,2,38.50,95,
p747,Mombasa,36,4,111.25,5,51.75,51,
p748,Nakuru,73,1,51.00,2,64.00,68,
p749,Nairobi,110,3,143.75,5,13.25,85,
p750,Kisumu,147,1,32.00,1,26.50,41,
p751,Mombasa,33,3,141.00,4,39.75,58,
p752,Nakuru,70,5,12.50,1,52.00,75,
p753,Nairobi,107,3,63.00,4,65.25,92,
p754,Kisumu,144,5,0.00,0,14.50,48,
p755,Mombasa,30,2,66.75,3,27.75,65,
p756,Nakuru,67,5,0.00,0,40.00,82,
p757,Nairobi,104,2,86.25,3,53.25,99,
p758,Kisumu,141,4,192.00,6,66.50,55,
p759,Mombasa,178,2,70.50,2,15.75,72,
p760,Nakuru,64,4,75.00,6,28.00,89,
p761,Nairobi,101,1,31.50,2,41.25,45,
p762,Kisumu,138,4,95.00,5,54.50,62,
p763,Mombasa,175,1,22.25,1,67.75,79,
p764,Nakuru,61,3,127.50,5,16.00,96,
p765,Nairobi,98,1,28.75,1,29.25,52,
p766,Kisumu,135,3,128.00,4,42.50,69,
p767,Mombasa,172,5,0.00,0,55.75,86,
p768,Nakuru,58,3,50.00,4,4.00,42,
p769,Nairobi,95,5,0.00,0,17.25,59,
p770,Kisumu,132,2,57.00,3,30.50,76,
p771,Mombasa,169,5,133.50,6,43.75,93,
p772,Nakuru,55,2,76.50,3,56.00,49,
p773,Nairobi,92,4,172.50,6,5.25,66,
p774,Kisumu,129,2,64.00,2,18.50,83,
p775,Mombasa,166,4,176.25,5,31.75,100,
p776,Nakuru,52,1,25.00,2,44.00,56,
p777,Nairobi,89,4,78.75,5,57.25,73,
p778,Kisumu,126,1,19.00,1,6.50,90,
p779,Mombasa,163,3,89.00,4,19.75,46,
p780,Nakuru,49,1,25.50,1,32.00,63,
p781,Nairobi,86,3,115.00,4,45.25,80,
p782,Kisumu,123,5,0.00,0,58.50,97,
p783,Mombasa,160,3,105.75,3,7.75,53,
p784,Nakuru,46,5,0.00,0,20.00,70,
p785,Nairobi,83,2,47.25,3,33.25,87,
p786,Kisumu,120,5,114.00,6,46.50,43,
p787,Mombasa,157,2,44.50,2,59.75,60,
p788,Nakuru,43,4,153.00,6,8.00,77,
p789,Nairobi,80,2,57.50,2,21.25,94,
p790,Kisumu,117,4,160.00,5,34.50,50,
p791,Mombasa,154,1,35.25,1,47.75,67,
p792,Nakuru,40,4,62.50,5,60.00,84,
p793,Nairobi,77,1,15.75,1,9.25,40,
p794,Kisumu,114,3,76.00,4,22.50,57,
p795,Mombasa,151,1,0.00,0,35.75,74,
p796,Nakuru,37,3,102.00,4,48.00,91,
p797,Nairobi,74,5,0.00,0,61.25,47,
p798,Kisumu,111,3,96.00,3,10.50,64,
p799,Mombasa,148,5,211.50,6,23.75,81,
p800,Nakuru,34,2,37.50,3,36.00,98,
p801,Nairobi,71,5,94.50,6,49.25,54,
p802,Kisumu,108,2,38.00,2,62.50,71,
p803,Mombasa,145,4,111.25,5,11.75,88,
p804,Nakuru,31,2,51.00,2,24.00,44,
p805,Nairobi,68,4,143.75,5,37.25,61,
p806,Kisumu,105,1,32.00,1,50.50,78,
p807,Mombasa,142,4,141.00,4,63.75,95,
p808,Nakuru,179,1,12.50,1,12.00,51,
p809,Nairobi,65,3,63.00,4,25.25,68,
p810,Kisumu,102,1,0.00,0,38.50,85,
p811,Mombasa,139,3,66.75,3,51.75,41,
p812,Nakuru,176,5,0.00,0,64.00,58,
p813,Nairobi,62,3,86.25,3,13.25,75,
p814,Kisumu,99,5,192.00,6,26.50,92,
p815,Mombasa,136,2,70.50,2,39.75,48,
p816,Nakuru,173,5,75.00,6,52.00,65,
p817,Nairobi,59,2,31.50,2,65.25,82,
p818,Kisumu,96,4,95.00,5,14.50,99,
p819,Mombasa,133,2,22.25,1,27.75,55,
p820,Nakuru,170,4,127.50,5,40.00,72,
p821,Nairobi,56,1,28.75,1,53.25,89,
p822,Kisumu,93,4,128.00,4,66.50,45,
p823,Mombasa,130,1,0.00,0,15.75,62,
p824,Nakuru,167,3,50.00,4,28.00,79,
p825,Nairobi,53,1,0.00,0,41.25,96,
p826,Kisumu,90,3,57.00,3,54.50,52,
p827,Mombasa,127,5,133.50,6,67.75,69,
p828,Nakuru,164,3,76.50,3,16.00,86,
p829,Nairobi,50,5,172.50,6,29.25,42,
p830,Kisumu,87,2,64.00,2,42.50,59,
p831,Mombasa,124,5,176.25,5,55.75,76,
p832,Nakuru,161,2,25.00,2,4.00,93,
p833,Nairobi,47,4,78.75,5,17.25,49,
p834,Kisumu,84,2,19.00,1,30.50,66,
p835,Mombasa,121,4,89.00,4,43.75,83,
p836,Nakuru,158,1,25.50,1,56.00,100,
p837,Nairobi,44,4,115.00,4,5.25,56,
p838,Kisumu,81,1,0.00,0,18.50,73,
p839,Mombasa,118,3,105.75,3,31.75,90,
p840,Nakuru,155,1,0.00,0,44.00,46,
p841,Nairobi,41,3,47.25,3,57.25,63,
p842,Kisumu,78,5,114.00,6,6.50,80,
p843,Mombasa,115,3,44.50,2,19.75,97,
p844,Nakuru,152,5,153.00,6,32.00,53,
p845,Nairobi,38,2,57.50,2,45.25,70,
p846,Kisumu,75,5,160.00,5,58.50,87,
p847,Mombasa,112,2,35.25,1,7.75,43,
p848,Nakuru,149,4,62.50,5,20.00,60,
p849,Nairobi,35,2,15.75,1,33.25,77,
p850,Kisumu,72,4,76.00,4,46.50,94,
p851,Mombasa,109,1,0.00,0,59.75,50,
p852,Nakuru,146,4,102.00,4,8.00,67,
p853,Nairobi,32,1,0.00,0,21.25,84,
p854,Kisumu,69,3,96.00,3,34.50,40,
p855,Mombasa,106,1,211.50,6,47.75,57,
p856,Nakuru,143,3,37.50,3,60.00,74,
p857,Nairobi,180,5,94.50,6,9.25,91,
p858,Kisumu,66,3,38.00,2,22.50,47,
p859,Mombasa,103,5,111.25,5,35.75,64,
p860,Nakuru,140,2,51.00,2,48.00,81,
p861,Nairobi,177,5,143.75,5,61.25,98,
p862,Kisumu,63,2,32.00,1,10.50,54,
p863,Mombasa,100,4,141.00,4,23.75,71,
p864,Nakuru,137,2,12.50,1,36.00,88,
p865,Nairobi,174,4,63.00,4,49.25,44,
p866,Kisumu,60,1,0.00,0,62.50,61,
p867,Mombasa,97,4,66.75,3,11.75,78,
p868,Nakuru,134,1,0.00,0,24.00,95,
p869,Nairobi,171,3,86.25,3,37.25,51,
p870,Kisumu,57,1,192.00,6,50.50,68,
p871,Mombasa,94,3,70.50,2,63.75,85,
p872,Nakuru,131,5,75.00,6,12.00,41,
p873,Nairobi,168,3,31.50,2,25.25,58,
p874,Kisumu,54,5,95.00,5,38.50,75,
p875,Mombasa,91,2,22.25,1,51.75,92,
p876,Nakuru,128,5,127.50,5,64.00,48,
p877,Nairobi,165,2,28.75,1,13.25,65,
p878,Kisumu,51,4,128.00,4,26.50,82,
p879,Mombasa,88,2,0.00,0,39.75,99,
p880,Nakuru,125,4,50.00,4,52.00,55,
p881,Nairobi,162,1,0.00,0,65.25,72,
p882,Kisumu,48,4,57.00,3,14.50,89,
p883,Mombasa,85,1,133.50,6,27.75,45,
p884,Nakuru,122,3,76.50,3,40.00,62,
p885,Nairobi,159,1,172.50,6,53.25,79,
p886,Kisumu,45,3,64.00,2,66.50,96,
p887,Mombasa,82,5,176.25,5,15.75,52,
p888,Nakuru,119,3,25.00,2,28.00,69,
p889,Nairobi,156,5,78.75,5,41.25,86,
p890,Kisumu,42,2,19.00,1,54.50,42,
p891,Mombasa,79,5,89.00,4,67.75,59,
p892,Nakuru,116,2,25.50,1,16.00,76,
p893,Nairobi,153,4,115.00,4,29.25,93,
p894,Kisumu,39,2,0.00,0,42.50,49,
p895,Mombasa,76,4,105.75,3,55.75,66,
p896,Nakuru,113,1,0.00,0,4.00,83,
p897,Nairobi,150,4,47.25,3,17.25,100,
p898,Kisumu,36,1,114.00,6,30.50,56,
p899,Mombasa,73,3,44.50,2,43.75,73,
p900,Nakuru,110,1,153.00,6,56.00,90,
p901,Nairobi,147,3,57.50,2,5.25,46,
p902,Kisumu,33,5,160.00,5,18.50,63,
p903,Mombasa,70,3,35.25,1,31.75,80,
p904,Nakuru,107,5,62.50,5,44.00,97,
p905,Nairobi,144,2,15.75,1,57.25,53,
p906,Kisumu,30,5,76.00,4,6.50,70,
p907,Mombasa,67,2,0.00,0,19.75,87,
p908,Nakuru,104,4,102.00,4,32.00,43,
p909,Nairobi,141,2,0.00,0,45.25,60,
p910,Kisumu,178,4,96.00,3,58.50,77,
p911,Mombasa,64,1,211.50,6,7.75,94,
p912,Nakuru,101,4,37.50,3,20.00,50,
p913,Nairobi,138,1,94.50,6,33.25,67,
p914,Kisumu,175,3,38.00,2,46.50,84,
p915,Mombasa,61,1,111.25,5,59.75,40,
p916,Nakuru,98,3,51.00,2,8.00,57,
p917,Nairobi,135,5,143.75,5,21.25,74,
p918,Kisumu,172,3,32.00,1,34.50,91,
p919,Mombasa,58,5,141.00,4,47.75,47,
p920,Nakuru,95,2,12.50,1,60.00,64,
p921,Nairobi,132,5,63.00,4,9.25,81,
p922,Kisumu,169,2,0.00,0,22.50,98,
p923,Mombasa,55,4,66.75,3,35.75,54,
p924,Nakuru,92,2,0.00,0,48.00,71,
p925,Nairobi,129,4,86.25,3,61.25,88,
p926,Kisumu,166,1,192.00,6,10.50,44,
p927,Mombasa,52,4,70.50,2,23.75,61,
p928,Nakuru,89,1,75.00,6,36.00,78,
p929,Nairobi,126,3,31.50,2,49.25,95,
p930,Kisumu,163,1,95.00,5,62.50,51,
p931,Mombasa,49,3,22.25,1,11.75,68,
p932,Nakuru,86,5,127.50,5,24.00,85,
p933,Nairobi,123,3,28.75,1,37.25,41,
p934,Kisumu,160,5,128.00,4,50.50,58,
p935,Mombasa,46,2,0.00,0,63.75,75,
p936,Nakuru,83,5,50.00,4,12.00,92,
p937,Nairobi,120,2,0.00,0,25.25,48,
p938,Kisumu,157,4,57.00,3,38.50,65,
p939,Mombasa,43,2,133.50,6,51.75,82,
p940,Nakuru,80,4,76.50,3,64.00,99,
p941,Nairobi,117,1,172.50,6,13.25,55,
p942,Kisumu,154,4,64.00,2,26.50,72,
p943,Mombasa,40,1,176.25,5,39.75,89,
p944,Nakuru,77,3,25.00,2,52.00,45,
p945,Nairobi,114,1,78.75,5,65.25,62,
p946,Kisumu,151,3,19.00,1,14.50,79,
p947,Mombasa,37,5,89.00,4,27.75,96,
p948,Nakuru,74,3,25.50,1,40.00,52,
p949,Nairobi,111,5,115.00,4,53.25,69,
p950,Kisumu,148,2,0.00,0,66.50,86,
p951,Mombasa,34,5,105.75,3,15.75,42,
p952,Nakuru,71,2,0.00,0,28.00,59,
p953,Nairobi,108,4,47.25,3,41.25,76,
p954,Kisumu,145,2,114.00,6,54.50,93,
p955,Mombasa,31,4,44.50,2,67.75,49,
p956,Nakuru,68,1,153.00,6,16.00,66,
p957,Nairobi,105,4,57.50,2,29.25,83,
p958,Kisumu,142,1,160.00,5,42.50,100,
p959,Mombasa,179,3,35.25,1,55.75,56,
p960,Nakuru,65,1,62.50,5,4.00,73,
p961,Nairobi,102,3,15.75,1,17.25,90,
p962,Kisumu,139,5,76.00,4,30.50,46,
p963,Mombasa,176,3,0.00,0,43.75,63,
p964,Nakuru,62,5,102.00,4,56.00,80,
p965,Nairobi,99,2,0.00,0,5.25,97,
p966,Kisumu,136,5,96.00,3,18.50,53,
p967,Mombasa,173,2,211.50,6,31.75,70,
p968,Nakuru,59,4,37.50,3,44.00,87,
p969,Nairobi,96,2,94.50,6,57.25,43,
p970,Kisumu,133,4,38.00,2,6.50,60,
p971,Mombasa,170,1,111.25,5,19.75,77,
p972,Nakuru,56,4,51.00,2,32.00,94,
p973,Nairobi,93,1,143.75,5,45.25,50,
p974,Kisumu,130,3,32.00,1,58.50,67,
p975,Mombasa,167,1,141.00,4,7.75,84,
p976,Nakuru,53,3,12.50,1,20.00,40,
p977,Nairobi,90,5,63.00,4,33.25,57,
p978,Kisumu,127,3,0.00,0,46.50,74,
p979,Mombasa,164,5,66.75,3,59.75,91,
p980,Nakuru,50,2,0.00,0,8.00,47,
p981,Nairobi,87,5,86.25,3,21.25,64,
p982,Kisumu,124,2,192.00,6,34.50,81,
p983,Mombasa,161,4,70.50,2,47.75,98,
p984,Nakuru,47,2,75.00,6,60.00,54,
p985,Nairobi,84,4,31.50,2,9.25,71,
p986,Kisumu,121,1,95.00,5,22.50,88,
p987,Mombasa,158,4,22.25,1,35.75,44,
p988,Nakuru,44,1,127.50,5,48.00,61,
p989,Nairobi,81,3,28.75,1,61.25,78,
p990,Kisumu,118,1,128.00,4,10.50,95,
p991,Mombasa,155,3,0.00,0,23.75,51,
p992,Nakuru,41,5,50.00,4,36.00,68,
p993,Nairobi,78,3,0.00,0,49.25,85,
p994,Kisumu,115,5,57.00,3,62.50,41,
p995,Mombasa,152,2,133.50,6,11.75,58,
p996,Nakuru,38,5,76.50,3,24.00,75,
p997,Nairobi,75,2,172.50,6,37.25,92,
p998,Kisumu,112,4,64.00,2,50.50,48,
p999,Mombasa,149,2,176.25,5,63.75,65,
p1000,Nakuru,35,4,25.00,2,12.00,82,
